Teks,label
"[PROMO] Beli paket Flash mulai 1GB di MY TELKOMSEL APP dpt EXTRA kuota 2GB 4G LTE dan EXTRA nelpon hingga 100mnt/1hr. Buruan, cek  di tsel.me/mytsel1 S&K",2
2.5 GB/30 hari hanya Rp 35 Ribu Spesial buat Anda yang terpilih. Aktifkan sekarang juga di *550*905#. Promo sd 30 Nov 2015.Buruan aktifkan sekarang. S&K,2
"2016-07-08 11:47:11.Plg Yth, sisa kuota Flash Anda 478KB. Download MyTelkomsel apps di http://tsel.me/tsel utk cek kuota&beli paket Flash atau hub *363#",2
"2016-08-07 11:29:47.Plg Yth, sisa kuota Flash Anda 7160KB. Download MyTelkomsel apps di http://tsel.me/tsel utk cek kuota&beli paket Flash atau hub *363#",2
4.5GB/30 hari hanya Rp 55 Ribu Spesial buat anda yang terpilih. Aktifkan sekarang juga di *550*907# Buruan..! SKB,2
5 HARI LAGI ! EKSTRA Pulsa 50rb dg beli paket internet bulanan di MyTelkomsel utk pembelian pertama sjk 25Aug-25Sept. Cek detail promo di tsel.me/mytsel1,2
"Ada iRing dgn tarif Rp. 0,1/7hr (perpanjangan Rp. 3190/7hr) dari hits Armada - Pencuri Hati. Tekan *808*3*1*4*1# lalu OK/Call. Info: 100&111",2
Akhir bulan harus tetap eksis loh! Internetan pake volume ultima 900MB/30hr. Hrga mulai Rp 35rb di *100*471#. Tarif&lokasi cek di tsel.me/fl,2
"Aktifkan iRing Coboy Jr - Terhebat. Tekan *808*7#. Info: 100&111 Ada hits terbaru dari NOAH - Jika Engkau. Aktifkan iRing nya di HP kamu. Ketik MG NOAH02 kirim ke 808 Info: 100&111 Berkah iRing Rp 1000 dr Yuni Shara - Akhirnya. Aktifkan iRing nya, Tkn *808*1*2*3# lalu Ok/Call. Raih THR PuluhanJt!. Berhenti: Unreg ke 808",2
Ambil bonus harianmu di *600# (Bebas Pulsa). Dptkan gratis nelpon atau internetan dan promo lainnya sesuai hobimu!,2
Anda akan berhenti berlangganan Paket Flash. Ketik FLASH<spasi>YA jika setuju. Tunggu SMS konfirmasi penonaktifan Paket Anda,2
Anda akan berlangganan paket Rp. 10000 utk 150 MB 2G/3G + 250 MB 3G/90hari. Jika setuju balas FLASH<spasi>YA kirim ke 3636 utk melanjutkan. Paket diperpanjang pada akhir masa aktif dengan tarif sesuai lokasi Anda. Tunggu SMS konfirmasi sblm pemakaian. Info zona dan detail tarif lihat di Tsel.me/internet,2
"Anda akan membeli Paket Gampang Internetan Rp.1250 utk Chatting Sepuasnya (BBM, WhatsApp dan Line)/1 hari.Jika setuju balas FLASH<spasi>YA kirim ke 3636 utk melanjutkan.Tunggu SMS konfirmasi sblm pemakaian.Info detail tariff lihat di Tsel.me/internet ",2
"Anda akan menerima setting ponsel, agar ponsel Anda dapat mengakses internet dan berkirim foto/MMS. Jika Anda setuju balas pesan ini (gratis) dengan ketik Y.",2
Anda akan mengaktifkan Paket BBM Gratis berlaku 30 hari dari pertama kali aktivasi. Ketik FLASH (spasi) YA untuk melanjutkan,2
Anda mendapatkan 1 kupon dalam program Kartu As BIBER (Beli Internet Berhadiah). Cek total kupon maksimal 1x24 jam dari skrg di *100*123#. Info lengkap hub:188,2
Anda sedang menikmati Paket Reguler dgn sisa kuota 209715 KB.Dapatkan beragam Paket INTERNET HEMAT Tri di *123*3#,2
Anda tidak terdaftar dalam layanan Paket Malam hari. Untuk berlangganan lakukan isi ulang dengan voucher Kenyang Download,2
"Anda tlh menukarkan poin 95 poin, Tukarkan terus poinnya siapa tahu anda pemenang hadih LG G3 32gb, pemenang adalah yang menukarkan poin tertinggi s/d 30 November 15",2
AngpaoPoinSenyum! Dptkan Vchr Lottemart 50rb dg tukar 2500poin (normal 5000poin) sd 11Feb16. Ketik *123*7887*2*5# TERBATAS! Info: www.indosatooredoo.com/angpao,2
Awal bulan saat nya anda eksis lebih lama! Internetan pake volume ultima 900MB/30hr. Hrga mulai Rp 35rb di *100*471#. Tarif&lokasi cek di tsel.me/FL,2
"Ayam (sayap/paha bawah), Nasi, Perkedel Rp. 19.545. GRATIS Teh Pucuk. Tukar SMS ini di CFC HASAN SADIKIN hari ini. Selama Persediaan msh ada. Promo *606#",2
"Ayo anak Medan, beli sticker line dengan pulsamu Caranya klik http://www.telkomsel.com/linestore nama stickernya : Kedan Medan",2
AYO download AXISnet dari Apple/Play Store dan aktifkan BRONET24Jam 5GB 60hr Rp44900 dan BRONET24Jam 1GB 30hr dapat OBOR 5GB (00-06) Rp18800. Info838. LD335,2
AYO download AXISnet dari PLAY/Apple Store dan aktifkan BRONET24Jam 5GB 60hr Rp44900 dan BRONET24Jam 3GB 60hr dapat OBOR 10GB (00-06) Rp39800. Info838. LD307,2
Ayo dukung pelestarian alam Indonesia bersama Indosat Ooredoo dan WWF-Indonesia dg berdonasi melalui *123*50# dari nomor Indosat Ooredoo.,2
"Ayo kawal pemanfaatan subsidi BBM & Kompensasi bagi yang berhak! Pengaduan, ketik BBM (spasi) isi pesan. Kirim 1708",2
"BANTING HARGA !! Internetan dgn Kuota 1,5GB HANYA 10rb Rupiah, paket Berlaku sebulan. Mau?? Ketik YA ke 919 s/d 16 Desember 2015",2
BEBAS ekspresikan dirimu bersama Paket Freedom Combo dari Indosat Ooredoo. Segera hub *123# atau www.indosatooredoo.com/freedom,2
Bebas Pulsa! Ambil bonusmu di *600# (GRATIS). Dptkan gratis nelpon atau internetas atau promo lainnya sesuai hobimu!,2
"Beli 1 Gratis 1 untuk Lychee Tea atau Latte Flavour dari Yellow Truck Jl.Patuha No.29. Tukarkan SMS ini. Hanya berlaku untuk hari ini, S&K Berlaku.Promo *606#",2
Beli 2 Gratis 1 atau beli 1 Diskon 25% tiket Kampung Gajah Wonderland Bandung s.d 31 Mei 2013. Tunjukkan SMS kpd Petugas .Info: www.indosat.com/kampunggajah,2
Beli 6 Gratis 6 Donut dari DUNKIN DONUTS BORMA SETIABUDHI. Tukarkan SMS ini segera. Hanya berlaku untuk hari ini. Selama persediaan masih ada. Promo *606#,2
Beli paket Turbo mulai 50rb utk pembelian pertama di MyTelkomsel App sjk 25Aug - 25Sept dpt EXTRA PULSA TSEL Rp 50rb loh! Cek detail paket di tsel.me/mytsel1,2
"Bisa Internetan 1,5GB CUMA dengan 20rb, paket berlaku 90 hari. MAU?? Ketik YA ke 919. Penawaran berlaku s/d 8 Januari 2016",2
"BONUS KUOTA 500MB (1hr)! Cukup isi ulang min. 5,000 hari ini! Ayo buruan isi pulsa sekarang juga. T514",2
BONUS PULSA 10RB! Ayo isi pulsa min. 5rb & dapetkan bonus pulsa 10rb utk nelp ke nmr Tri! Hanya hari ini saja! Ayo buruan isi pulsa! T530,2
"BONUS PULSA 50% dari Indosat Ooredoo, MAU?? Ketik *345# dan call dari HP kamu sebelum 28 April 2016",2
BONUS PULSA 50rb cuma dgn isi ulang 25rb!! Hny Indosat yg bisa begini. Penawaran berlaku s/d 11 April 2016. Bonus 1x utk digunakan ke sesama Indosat Ooredoo,2
BONUS PULSA Rp 100 rb..!! Spesial untuk kamu pelanggan setia Indosat Ooredo.Hanya dengan isi ulang Rp150rb skrg juga! Penawaran berlaku s.d 13 Jan 2016 (bonus hanya 1x),2
"BONUS Rp. 5,000 untuk kamu! Cukup kirim SMS 2X hari ini untuk mendapatkan bonusnya, khusus hari ini saja!  T483",2
"BONUS Rp. 5,000 untuk kamu! Cukup telpon teman kamu selama 2 menit hari ini untuk mendapatkan bonusnya, khusus hari ini saja!  A010",2
Buktikan hematnya pakai argo tetap di Bandung dengan GrabCar hingga 20%. Hayu ajakan rerencangan sareng buktikeun nyalira!,2
Buruan Download & Registrasi myCare di http://bit.ly/mycarepLy dan dapatkan Promo 10GB (4G) di Paket Freedoom M & L dengan harga khusus HANYA HARI INI.,2
"Butuh Piknik?Ada nih liburan GRATIS ke Hongkong!Cara:Pake pulsa AXIS di HP Androidmu buat transaksi sebanyak2nya items Pokemon Go,BIGO,COC, dll!Info838 LD328",2
"Buy 2 Get 3 tiket Trans Studio Bandung,mulai 14 Mei-14Juni 2013.Tunjukkan SMS ke petugas di lokasi. Info: www.indosat.com/transstudiobgd",2
cuma Rp 7500 dapat nelpon dan SMS UNLIMITED ke sesama Indosat Ooredoo   internetan sepuasnya 3 hari dengan paket Ramadhan Unlimited. ketik *123*88#,2
"Dapatkan BONUS PULSA hg 50rb jika isi ulang di hari Minggu, isi ulang mulai dr 10rb. Ktk: GRATIS krm ke 123. Panduan: ketik PAN krm ke123. Cek bonus tekan*555*3#",2
"Dapatkan Bonus SMS Kamu. Hanya dg kirim SMS, Kamu akan dapat Bonus Ratusan SMS ke semua operator. Pakai terus Indosat Ooredoo & raih kebebasan berkomunikasi",2
Dapatkan Disc 20% di McDonalds khusus utk pembayaran dgn TCASH TAP!Dptkan stiker TCASH TAP di graPARI terdekat. Info tsel.me/tappromo,2
Dapatkan Disc.30% utk Dominos PAN PIZZA!Roti yg lebih tebal dgn keju terasa sampai pinggir!Mulai Rp45500.Kunjungi toko terdekat/telf 1500366/Klik panpizza.co.id,2
"Dapatkan EXTRA kuota 2GB 4G LTE dan EXTRA nelpon hingga 100mnt/1hr dg beli paket FLASH mulai 1GB di MY TELKOMSEL APP. Buruan, cek  di tsel.me/mytsel1 S&K",2
"Dapatkan GRATIS 1 cappuccino (hot/ice) & Freza, setiap transaksi min Rp75Rb di EXCELSO Cafe Semarang, Yogya, Solo sd 9 Agust 13. Tunjukkan SMS kpd petugas",2
Dapatkan GRATIS Wendy's Crispy Chicken Sandwich dengan minimal pembelian Rp.100.000. Tukarkan SMS ini di Wendy's terdekat! Persediaan terbatas. Promo *606#,2
Dapatkan saldo bermain sebesar Rp 125rb hanya dengan bayar Rp 75rb. Berlaku hari Senin-Kamis. Tukarkan SMS ini segera di Timezone terdekat! Promo *606#,2
"Dapatkan voucher Cipika Rp 100rb utk belanja kuliner, gadget, fashion, dll. Tkn *123*45# pilih Cipika, GRATIS & terbatas. Info: www.indosatooredoo.com/12345",2
"Dear Customer, Kindly values your experience at Telkomsel Service, score between 1(very poor) to 5 (excellent), send SMS to 1166 (FREE) (for int'l charged)",2
Disc.25%  Domino's Pizza Value Range s/d 14 Agustus.Kunjungi store terdekat/hubungi 1500366/visit http://bit.ly/294KoZ6 Kode:VR25D,2
"DISKON 30RIBU khusus pelanggan baru Grab di Bandung. Berlaku 3x: kode promo URANGBANDUNG. Tak usah repot jalanan macet dan susah parkir, Hayu ngeGrab we atuh!",2
DISKON 50% kuota NELPON++ 20 MENIT ke smua operator! Cuma Rp7rb (Normal Rp14rb) dg masa aktif panjang. Balas SMS ini dgn ketik Tri. Hanya HARI INI! V712,2
"DISKON 50% utk Kacamata Lengkap + Bonus Kacamata Hitam, Tunjukan SMS ini di JL Gatot Soebroto 88 T.7333812. S&amp;K Berlaku.Promo*606#",2
Domino's PAN PIZZA!Rotinya lebih tebal dgn keju terasa sampai pinggir! Nikmati Disc.30% dimulai Rp45.500.Kunjungi toko terdekat/telf 1500366/Klik panpizza.co.id,2
DOUBLE kuota internet plus UNLIMITED Telpon dan SMS dengan Paket Freedom Combo dari Indosat Ooredoo. Segera hub *123# atau www.indosatooredoo.com/freedom,2
Download dan rasakan serunya game-game premium pilihan hanya di *900#,2
"Dptkn Free member card Larissa Aesthetic Center, disc 15% high treatment & asuransi jiwa, tiap isi ulang pulsa Rp 100rb di Galeri Indosat Jateng DIY s.d 31Des 13",2
"Dptkn kesempatan raih hadiah utama mobil Alphard dg cara tukar 500 poin senyum Anda dg 1 kupon Undian s.d tgl 20Jun13,ketik Undian Jmlh Poin ke 7887(Rp25)",2
Dukung rehabilitasi & pengembangan potensi anak berkebutuhan khusus di YPAC Jakarta. Mari berbagi melalui SMS Donasi dengan mengetik *123*65#,2
"Flash Promo s.d 9 Agt! Ayo datangi Gallery Smartfren terdekat, DISKON 290rb dg tukar HP Smartfrenmu ke Andromax 4G LTE atau 190 utk tukar dg MiFi 4G LTE",2
FREE DoubleScoop Ice Cream / Disc 10% di Haagen-Dasz dengan TCASH TAP! S&K berlaku. Info tsel.me/tappromo,2
"GRATIS 10GB! Bagi yg blm mengganti kartu SIM menjadi SIM 4G, tukarkan skrg di gerai IndosatOoredoo terdekat dan nikmati GRATIS 10GB di jaringan 4G.",2
"GRATIS nelpon kemana saja, ke semua operator! Cukup beli Internet Harian 100MB seharga Rp1500. Balas SMS ini dgn ketik JS utk membeli. N092",2
GRATIS Whatsapp seharian! Cukup beli Internet Harian 100MB seharga Rp1500. Balas SMS ini dgn ketik JR utk membeli. N091,2
Gunakan Grab dan nikmati 75% diskon untuk 10x bagi pengguna baru. Masukkan kode COBAGRABCAR sekarang juga dan ajak teman-temanmu keliling bandung tanp,2
Gunakan GrabCar atau GrabTaxi & dapatkan diskon 35RIBU ke dan dari Stasiun/Bandara di Bandung. Masukkan kode promo GRABTRAVEL hingga pemakaian 30 September 2016. Hatur Nuhun.,2
Gunakan TCASH untuk bayar tagihan listrik atau beli token listrik! Cukup hubungi *800# dan pilih menu pembayaran atau pembelian,2
"Hai Apa Kabar? Ada Bonus Meriah Cukup isi pulsa minimun Rp 5 Ribu s.d 15 November, kamu langsung dapatkan 300 MB GRATIS. Ayo isi pulsa! Bonus utk 3 hari. RL044A",2
"Hallo Bro, beli koin games pakai pulsamu yuk, mudah banget loh sob, cek http://tsel.me/jajanonline",2
"Hallo urang minang, ado sticker rancak di Group Line Urang Kampuang MINANG GUY, beli pake pulsa Telkomsel",2
"Hanya HARI ini! Freedom Combo XL Cuma Rp 89rb (Normal Rp 149rb) 20GB Music streaming gak pake kuota, UNLIMITED Nelp&SMS. Daftar *123#",2
Hanya HARI INI!!! Cuma dengan seribu kamu langsung dapat 200 MB untuk 3 hari. Cukup balas SMS ini dengan ketik yA4. Buruan beli sekrang TL049B,2
"HARI INI Freedom Combo XL Rp89rb (normal Rp149rb). DOUBLE kuota 5GB+5GB(4G)+ PROMO 10GB(4G), UNLIMITED nelp & SMS ke Indosat Ooredoo. Ketik FREEDOM XL ke 363",2
Hari ini! BRONET 24Jam 3GB 60hr Rp31900 dan BRONETSpecial 6GB 60hr (3GB 24Jam+3GB 00-06) Rp34900 di *123*888# SEGERA aktifkan paketnya sekarang!! Info838 LD300,2
Hari ini!! BRONET Special 4GB (2GB 24Jam+2GB 00-06) 60hr Rp24900 dan BRONET 24Jam 1GB 60hr Rp10900. AYO SEGERA aktifkan paket kamu di *123*888#. Info838 LD309,2
Hari Rabu saatnya blanja di blanja.com & Nikmati diskon spesial untuk transaksi dengan TCASH! S&K Berlaku. Klik blj.co/tcashrabu,2
Hari Senin saatnya Nonton Hemat hanya 25ribu di Cinema XXI dgn TCASH TAP! Dptkan stiker TCASH TAP di graPARI terdekat. Info tsel.me/tappromo,2
"HARI TERAKHIR! Kunjungi Galeri Smartfren skrng, buat kamu Andromax A 4G jd 99rb (nrml 649rb). Tunggu apa lagi?!Stok terbatas.sd 22Agt.S&K.Info888.DL46J",2
"Hayu dateng, mumpung ada ustad Fatih karim,beliau yg mengislamkan ustad Felix siaw",2
Hi! Ayo coba Grab untuk pemesanan taxi yang cepat dan aman. Klik: https://invite.grab.co/37aa4d,2
HOT PROMO! Dptkan EXTRA PULSA TSEL 50rb dg beli paket internet pertama kali di My Telkomsel App sjk 25 Agsts - 25 Sept. Cek detail paketnya di tsel.me/mytsel1,2
"HOT PROMO: Internetan kuota 1,2GB/30hr HANYA Rp 15ribu aja! Beli di *363*822#. Promo s.d 30Juni16. S&K",2
"I’m spreading the GO-JEK love. Download the GO-JEK app at “http://go-jek.com/app” and input this referral code “545075264” to get Rp 50,000 free credit to your first booking. #gojekgotmehere",2
Ikuti JobFairActive & UjiKlyakanKerjaBerstifikat @PlasaTelkomMlg 9Feb13. dptkan platihan Intrview&Rekom kerja ke ribuan Ph. Info: www.indogetjob.com/085233334106,2
Internetan puas kapan aja buat kamu yang butuh kuota besar. Paket SUMO 30GB 30hari semua jaringan. Beli di *123*3*3#. Info 123. D956,2
"Isi saldo TCASHmu  melalui jaringan ATM Bersama & ATM BCA! Lakukan transfer antar bank, Pilih bank TCASH (Kode bank 911). Gunakan No HP sbg no rekening tujuan.",2
"Isi ulang Kuota++ 3GB berhasil, dan kuota tlh ditambahkan. Nikmati juga BONUS NELPON ke semua Tri Rp10rb, cek bonus di *111*2# atau BimaTri.",2
Isi ulang Rp50000.0 berhasil. Kode transaksi 99100827288792. Cek *123*888# untuk promo RABU RAWIT & JUMAT BAIK buat semua Pelanggan AXIS!,2
Jalani ibadah Haji dg nyaman tnpa prlu ganti kartu lokal.Nikmati GRATIS 2menit/hr trima telp dr IndosatOoredoo&Internet UNLIMITED Rp30Rb/hari.Info: *122*1# PAI3,2
"Jangan dikejar diskon berlari, beli RAWIT diskon datang sendiri.AYO isi ulang kartu AXIS kamu sekarang,dan pastikan besok ikutan promo Rabu RAWIT.Info838.LD279",2
JANGAN LUPA kirim 50 SMS sd 16 Juni 2013 utk mendptkan Gratis 50 SMS ke sesame Indosat selama 2 hr (berlaku 1x selama periode prog). Info:100. US6,2
"Jangan sampai kalah Bro, games mu bisa terbantu dengan menambah koinmu, beli aja pakai pulsa, cek caranya di http://tsel.me/jajanonline",2
"Jangan sampai kehabisan, HARI INI di Baskin Robbins Value Scoop cuma 35.000 lho! Tunjukkan SMS ini. S&K Berlaku. Promo *606#",2
"Jumat BAIK promo, BRONET 24Jam 1GB 30hr Rp10900 dan BRONET 4GB 60hr (24Jam 2GB + 00-06 2GB) Rp24900. SEGERA aktifkan paketnya melalui *123*888#.Info838.LD268",2
"Kapan lg beli paket Flash mulai 1,3GB di MyTelkomsel dpt Extra PULSA Rp 50rb? Utk pembelian pertama sjk 25Aug - 25Sept. Cek detail paket di tsel.me/mytsel1",2
Karena kamu pelanggan setia kamu bisa tukarkan hp smartfrenmu dg Andromax E 4G LTE hny 859rb(nrml 999rb). Segera ke Galeri Smartfren,2
"Kartu 4G-LTE Anda telah aktif Dapatkan kuota tambahan sd 10GB&konten menarik dijaringan 4G, hub *123*46#. Info lokasi www.indosatooredoo.com/4G",2
"Kesempatan LANGKA! Cuma buat kamu saja loh, Dapatkan 1 GB Cuma dengan RP 5000. Balas SMS ini dengan ketik Y10 s.d 15 November. Bonus berlaku 3 hari/ TL050D",2
"Ketik FLASH<spasi>INFO kirim ke 33636 utk status paket kamu. Loopers! Dptkan info tren anak muda, challenge & pembelian paket di loop.co.id & follow@loop_id",2
Ketik YA ke 919 s.d 14 Maret 2016. Cuma Rp59rb per-bln! Lgs dptkan 1+ 1GB(4G)+BONUS 10GB(4G) utk Internetan + Telp & SMS SEPUASNYA ke semua nomor,2
"Khusus buat kamu yg doyan internetan! Cukup 10rb k, bs internetan slm 1 minggu (kuota 1,5 GB). Buruan ketik OKE ke 919. Pnwrn sd 30/09/2015 Khusus Nomor Ini.",2
"KHUSUS buat kamu. PAKET internet hanya 10ribu dgn kuota 1.5GB selama 30hr, berlaku 24Jam di Jaringan tercepat Indosat. Balas SMS ini ketik YA ke 919 sd 22 Mei 15",2
"Kocak abis! Mau liat aksi 8 pemuda galau, iseng, dan gokil yang dikepung polisi super cantik? Tonton aja Comic8 via HP kamu cmn 4400/3hr. Ketik FILM3 ke 99677",2
"Koinmu tinggal dikit untuk lanjutin gamesmu? Beli pakai pulsa aja Bro, cek http://tsel.me/jajanonline",2
Kuota Internet sudah habis. Segera isi kuota Anda di *123# atau akses aplikasi BimaTRI dari gadget Anda. Info:123,2
"Lebih hemat langganan paket Data MINGGUAN. Cuma Rp10.900. Caranya? gampang kok, cukup ketik KUOTA(spasi)10K krm sms ke 363.",2
"Lebih hemat langganan paket Internet MINGGUAN dgn kuota 250MB Cuma Rp 10,000. Caranya gampang cukup ketik KUOTA (SPASI) 10K ke 363.",2
"LINE Lets Get Rich semakin seru, tambah koinnya dari pulsamu, mudah banget caranya di google play",2
"Loopers, PaketTelkomselFlash Rp.50000 utk 600 MB & tambahan 600 MB di 3G + 11 GB(00-12)(berlaku 30 hari) tlh diaktifkan. Paket otomatis diperpanjang pd akhir masa aktif jika kamu berlangganan paket ini",2
"Maaf, kamu tidak memiliki Bonus Kuota++. Dapatkan Bonus Kuota++ hingga 2GB di toko terdekat, hanya berlaku di Jawa Timur, Bali dan Lombok",2
"Mainkan terus games mu sekarang, dan beli koinnya pakai pulsamu, cek caranya di http://tsel.me/jajanonline",2
Mainkan terus gamesmu & beli sebanyak2nya apps/in-apps di Google Play Store,2
Masih ingat dengan Warkop DKI ? Dapatkan NSP nya GRATIS dengan akses ke *600# dan dapatkan promo gratis lainnya sesuai dengan hobimu!,2
Mau BONUS KEREN dari Indosat ooredoo? Ketik *345# dari HP kamu sekarang juga..!!,2
MAU BONUS PULSA 50% dari Indosat Ooredoo?? Ketik *345# dan call dari HP kamu sebelum 31 Mei 2016,2
"Mau cepat dan ga mau ribet cek pulsa & sisa kuota internetmu? Yuk download aplikasi myCare sekarang juga, atau akses di https://mycare.indosatooredoo.com",2
"Mau Cepat GIFT Paket/Extra Kuota Internet & ga mau ribet isi ulang Pulsa? Download aja aplikasi myCare, smuanya jadi mudah. Install di http://bit.ly/mycarepLy",2
"Mau download file besar tanpa putus? Bisa! Tinggal 3 hari, Gatis Mifi/modem 4G spesial untukmu Bawa sms ini ke Galeri SF & isi pulsa 100rb disana s/d 13 Jan DL 408",2
"Mau ekstra telpon, SMS, Internetan (S&K berlaku)? Ikuti surveu singkat tentang aplikasi musik s/d  3 September. Klik: http://tsel.me/mulu",2
"Mau internetan kuota BESAR dan harga MURAH? Buruan cek di *345#, penawaran ini khusus nomor kamu & cuma berlaku sebelum 16 Juli 2016",2
"Mau jajan? Gak usah kemana-mana sob, jajan online aja, terutama buat kamu yang suka nge games, cek http://tsel.me/jajanonline",2
"Mau paket data 1.5GB buat SEBULAN Cuma 20ribuan? Buruan ketik MAU ke 919, penawaran ini hanya berlaku sd 22-Jul-16",2
"Mau paket data Cuma 10ribuan? Buruan cek di *345#, penawaran ini hanya berlaku sebelum 1 Juli 2016",2
Mau Pergi Dari Hatiku nya Aliando di HP kamu? Ambil NSP GRATIS nya dengan akses ke *600# dan dapatkan promo gratis lainnya sesuai hobimu!,2
Merdeka Hot Sale 45%! Kuota 5GB 30Hari(Rp125rb) CUMA Rp68rb penawaran terbatas! Cek SEKARANG di *111*1# .D966,2
Migrasikan kartu Anda ke kartuHalo (NOMOR TETAP SAMA). DAPATKAN Paket Spesial 4GB Hanya 25rb/bulan. kunjungi GraPARI & tunjukan SMS ini.(Promo Terbatas).SKB,2
"Murah dan seru banget main gamesmu, pakai pulsa aja beli koinmu, cek caranya di http://tsel.me/jajanonline",2
MURAH! Hanya Rp25rb dptkan 2GB paket internetan utk 30hr. Kini internetan jadi semakin seru! Aktifkan segera di *550*904# promo s/d 29Feb16,2
"Naik Lebih Sering, Hemat Lebih Banyak bersama GRAB!  Cukup lakukan 1 perjalanan biasa dengan GRABCAR atau GRABTAXI dan kamu akan OTOMATIS mendapatkan diskon di perjalanan berikutnya! Nikmati diskon bertahap hinga 35ribu/trip, ayo coba dan buktikan!",2
"Nasabah YTH, rekening BTPN Wow! Anda sudah aktif. Lakukan transaksi melalui *247# menggunakan PIN rahasia Anda. Info hub 1500300.",2
"Nelpon MURAH hanya Rp 2500/panggilan ke MAL, SIN, Thailand, HK, China & USA dgn tekan 01016+Kode Negara+No Tujuan. Info: www.indosatooredoo.com/flatcall2500",2
"Nikmati Combo Wendy's Fried Chicken, nasi dan minum hanya Rp. 19.000 periode 13-19 Juni'16.Tukarkan SMS ini di Wendy's terdekat! Persediaan terbatas.Promo *606#",2
Nikmati Disc.40% utk Dominos Pizza Premium BIG PARTY WEEKEND.Harga Mulai Rp.48rb.Berlaku dine in/take away s/d 8 May'16.Kunjungi store terdekat/hubungi 1500366,2
Nikmati Discount 20% di Bakmi GM setiap hari hny dgn TCASH TAP! S&K berlaku. Info tsel.me/tappromo,2
"Nikmati diskon 25% tarif SLI 008 ke SEMUA NEGARA mulai pukul 00.00 sd 06.00 WIB, sd 31Agustus 13. Info lengkap ketik *122*5*4# atau www.indosat.com/iddpromo",2
"Nikmati Diskon Tarif Indosat 01016 & 001 hingga 70% ke 7 Negara (CHN, MLA,HKG,SNG,TWN,VTM,MACAU). Berlaku 07-28Feb13. Info : hub 100/111 atau *123# OK",2
Nikmati Double Internetan di jaringan Data terkuat 3GB dan 3GB (4G) dan Tlp&SMS SEPUASNYA dgn pkt Freedom Combo. Daftar *123# atau http://mycare.indosatooredoo.com,2
"Nikmati DOUBLE kuota PROMO 10GB(4G) di jaringan Data terkuat, UNLIMITED Nelp&SMS. 24JAM, dgn pkt Freedom Combo. Tekan *123# atau indosatooredoo.com/freedom",2
Nikmati EKSTRA PULSA 100% dgn isi ulang min. 50rb HANYA di aplikasi MyTelkomsel menggunakan T-Cash! Download di http://tsel.me/1 Promo s/d 11 Agst 2016,2
Nikmati EKSTRA PULSA 50% dgn isi ulang min. 100rb HANYA di aplikasi MyTelkomsel menggunakan Kartu Kredit VISA! Download di http://tsel.me/1 Promo s/d 11 Agst 16,2
Nikmati EXTRA 2GB 4G LTE + EXTRA kuota hingga 1GB midnight dg beli pkt FLASH 1GB/30hr mulai Rp 43rb di *363*49# Cek tarif di tsel.me/FL SKB,2
Nikmati EXTRA 2GB 4G LTE + EXTRA voucher belanja hingga 100rb dg beli pkt FLASH 1GB/30hr mulai Rp 43rb di *363*49# Cek tarif di tsel.me/FL SKB,2
NIKMATI INDOSAT SUPER 3G+ utk Internetan ckp 10rb/minggu dpt Kuota 225MB(50MB+Bonus 175MB jam 00-06)Kecepatan hgg3.6Mbps.tekan *123*4*1*1# syarat berlaku hub:100,2
"Nikmati kemudahan pembayaran iuran BPJS dgn TCASH. Cukup hubungi *800#, pilih menu pembayaran ATAU gunakan app T-Wallet di smartphone Android dan iPhone.",2
Nikmati nelpon dan SMS UNLIMITED ke sesama Indosat Ooredoo internetan sepuasnya 3 hari dengan paket Freedom Mini. ketik *123*88#,2
Nikmati nelpon dan SMS UNLIMITED ke sesama Indosat Ooredoo internetan sepuasnya 3 hari dengan paket Ramadhan Unlimited. ketik *123*88#,2
Nomor Anda telah diisi dengan nomor SN 6081606122581198060.,2
"Nomor kamu tidak memiliki Paket NetMax. Dapatkan Paket NetMax 5.5GB dan 7GB melalui hape *123#, aplikasi BimaTri, atau website tri.co.id.",2
Nomormu memang yang paling beruntung: Tes Identitas tersedia untukmu! Menangkan pulsa Rp10rb pada tes ke-30. Kirim SMS Y ke 99455 sekarang! Info:838 VD001,2
Pakai handphone XL Axiata mu langsung bisa internetan pakai XL,2
Pakai XL tdk perlu repot setting bisa langsung internetan. Yuk aktifkan paket Internet di My.XL.co.id sekarang.,2
Paket 1.5GB berhasil diaktifkan. Restart hape kamu utk dpt menikmati kuota internetan selama 90hari. Cek sisa kuota di *557*8#,2
Paket Anda sudah di non-aktifkan atas permintaan Anda. Penggunaan Internet anda akan di kenakan Tariff Dasar Internet sesuai skema tariff kartu Anda. Hubungi *363# untuk aktifkan Paket Internet lainnya. Info lebih lanjut www.telkomsel.com,2
"PAKET BRONET 24JAM 15MB 1hr sudah aktif. Nikmati 15MB berlaku di 00-23.59 aktif s.d 28-08-2016. Promo AXIS lainnya, telp *123#. Info838",2
"PAKET BRONET 24JAM 2GB 60hr Rp28800 akan segera aktif. Temukan penawaran menarik AXIS lainnya, telp *123#.Info838",2
"Paket BRONET 2GB 60hr 24jam sudah aktif. Nikmati internet 2GB berlaku hingga jam 23.59 aktif s.d 27-10-2016. Promo AXIS lainnya, telp *123#. Info838",2
Paket Flash anda 10 MB utk 1 hari akan berakhir pd 08/07/2016. Tarif non paket berlaku setelah tgl tsb. Info hubungi *363#. Cek Kuota *889#.,2
"Paket Internet BRONET 24 JAM 2GB, 60hr Kamu sudah aktif & otomatis diperpanjang 27-10-2016 jam 23:59. Info838",2
"Paket Internet spesial buat kamu. Internetan selama seminggu dgn kuota 1,5GB Cuma Rp10rb! Ayo segera Ketik KEBUT kirim ke 919 sd 29 Juli 2015. Jgn lupa ya",2
Paket Super Murah 2 pcs c strip/1 Ayam sayap+nasi+teh pucuk Rp.15.909.Tukarkan SMS ini di CFC YOGYA SUBANG hari ini!Selama persediaan masih ada.Promo *606#,2
"Paket super Ngebut 3.5GB, 30hr, Rp25rb Anda sudah aktif. Nikmati 500MB di 12.00:24.00 & 3G di 00:00-12:00 di 3G. Diperpanjang pada 11-Mar-2013 jam 23:59. Info 817",2
Paket Tsel Flash akan berakhir tgl 07/08/2016. Akan diperpanjang dg 10 MB utk 1 hari dengan harga 2500 dpt berubah sesuai lokasi anda .  Pastikan pulsa anda mencukupi. Utk berhenti berlangganan Ketik FLASH OFF ke 3636. Info detail tariff lihat di Tsel.me/internet ,2
Pelanggan Yth. Update informasi tarif terbaru anda di tsel.me/as atau hubungi 188 (Rp 300/call).,2
Pembelian Dave's Single Burger Gratis Small Fries & Minum. Periode 5-11 September 2016. Tukarkan SMS ini di Wendy's terdekat! Penawaran terbatas.Promo *606#,2
"PENAWARAN KHUSUS! BONUS KUOTA 500MB (1hr)! Cukup isi ulang min. 5,000 hari ini! Ayo buruan isi pulsa sekarang juga. T536",2
"Penawaran Spesial, Obral Paket Data 1.5 GB(00-24)+nelpon sepuasnya ke nmr Indosat hanya Rp20rb utk 1minggu.Daftar skrg ketik YA ke 929 berlaku hari ini RTX1",2
"Plg yth,Mohon memberikan nilai kepuasan pengalaman layanan Telkomsel ketik 1 utk bhs Indonesia & Type 2 for English send to 1166(FREE) (for int'l charged)",2
Promo diperpanjang! Gratis MIFI(modem) 4G hanya untukmu. Tunjukan SMS ini di Galeri Smartfren & isi pulsa 100rb utk bawa pulang MIFI favoritmu. s/d23Nov. DL40K,2
"PROMO POIN SPESIAL! Tukarkan 20 TselPoin Kamu dengan 20Menit, 100SMS, atau 20MB di *700*20#. Periode Promo 11-31 Juli 2016. Info hub: 188",2
"PROMO: Beli paket Flash mulai 1,3 GB di My Telkomsel App dpt EXTRA nelpon hingga 100mnt/1hr. Buruan, promo terbatas! S&K",2
"PROMO: Beli paket Flash mulai 1GB di MY TELKOMSEL APP dpt EXTRA kuota 2GB 4G LTE dan EXTRA nelpon hingga 100mnt/1hr. Buruan, cek  di tsel.me/mytsel1 S&K",2
"PROMO: Beli paket Flash mulai 3,5GB di My Telkomsel App dpt extra paket 1GB midnight (00-09). Buruan, promo terbatas! S&K",2
"PUAS Internetan, Chatting, Facebook dan nonton Video selama 30 hari hingga 1.5 GB Cuma Rp 30ribu. Beli paket di *100*1#",2
"quota 1,5 GB harga hanya mulai 32,5 ribu, beli paketnya di *100*1# Puas internetan selama 30 hari",2
"Raih smartphone, diskon merchant & free internet, voice, SMS di Promo 71 Tahun RI dengan tukar 17 Telkomsel POIN mulai 15Ags16 hanya di MyTelkomsel Apps",2
"RAWIT harganya miring, Internetan makin sering! AYO isi ulang kartu AXIS kamu sekarang, pastikan besok ikut promo Rabu RAWIT. Info838. LD328",2
"RAWIT Kuotanya Bagus, Harganya Khusus. AYO isi ulang kartu AXIS kamu sekarang, pastikan besok ikut promo Rabu RAWIT. Info838. LD299",2
"Ribet bolak balik cek pulsa&cek sisa kuota internetmu? Download aja aplikasi myCare, hanya 1x klik semua jadi mudah. akses di https://mycare.indosatooredoo.com",2
Rp29rb/bln utk 3 bln (hrg normal Rp59rb utk bln ke-4 dst) bisa NELPON & SMS SEPUASNYA ke IM3 plus kuota 1+1GB(4G)+10GB (4G).Mau? Ketik YA ke 919 sd 21 Juni 2016,2
Rp30rb/bln utk 3 bln (hrg normal Rp59rb utk bln ke-4 dst) bisa NELPON & SMS SEPUASNYA ke IM3 plus kuota 3GB+10GB (4G).  Mau? Ketik YA ke 919 sd 05-Aug-16,2
Saatnya pindah ke jaringan 4G TERCEPAT. Tukar kartu Anda di Gerai IndosatOoredoo Jl.Jend Soedirman-Purwokerto &dptkn bns Rp25rb (utk Nelp/SMS ke IndosatOoredoo),2
Segera aktivasi rekening BTPN Wow! anda. Ketik *247# tekan Yes / Call lalu buat PIN rahasia Anda. Info lengkap hub. 1500300,2
Selamat Anda mendapatkan voucher Berrybenka Rp100rb. Masukkan kode voucher TW96d saat transaksi di www.berrybenka.com/simPATI. Mau voucher lain? Hub *999*1#,2
Selamat Anda mendapatkan voucher Lazada Rp100rb. Masukkan kode voucher TSt88 saat transaksi di www.lazada.co.id/simPATI. Mau voucher lain? Hub *999*1#,2
Selamat Anda mendapatkan voucher Zalora Rp100rb. Masukkan kode voucher TSU59 saat transaksi di www.zalora.co.id/simPATI. Mau voucher lain? Hub *999*1#,2
Selamat Anda telah mendapatkan BONUS pulsa Rp 100.000 ke sesama Indosat Ooredoo berlaku 3 hari dan Poin senyum Anda bertambah. Cek bonus *557*8#,2
"Selamat bergabung di Tri, nikmati kuota 3GB utk 30 hari.Kuota akan diperpanjang otomatis selama pulsa cukup. Nikmati bonus kuota berlipat hingga 1GB setiap perpanjangan. Kartu otomatis menjadi non-aktif jika dlm waktu 3 bln tdk ada aktivitas sama sekali",2
Selamat Paket 50 SMS ke semua operator Anda telah aktif. Cek kuota di *888#,2
Selamat Paket Anda telah aktif. Cek kuota di *889#,2
Selamat Paket BBM Gratis Anda telah diaktifkan. Paket BBM ini berlaku untuk 30 hari,2
"Selamat Paket Flash 10 MB (1 hari) Rp.2500 telah diaktifkan, berlaku s/d tgl 07/08/2016 pk. 23:59 WIB. Paket langsung diperpanjang pada akhir masa aktif paket dengan tarif sesuai lokasi Anda. Cek status/berhenti berlangganan melalui *363#. Info detail tarif lihat di Tsel.me/internet",2
"Selamat tambahan Flash Anda sudah aktif, berlaku s.d. 2016-08-07 23:59:59.",2
"Selamat! Anda berhak membeli PAKET PAS untuk Nelpon, SMS, Internetan, Video, dan NSP. Pilih paketnya MULAI Rp500 di *100*999#, hanya berlaku HARI INI! Info: 188",2
Selamat! Anda sudah mengaktifkan INSTINK utk dpt info menarik dari Telkomsel. Info berhenti program:*600*600#. CS:133/188,2
Selamat!!anda telah mendapat gratis 200 sms dari SMSGIFT dari no. 6285258952502. Info CS : 133/188,2
"Selamat, Anda mendapatkan kuota Tsel sebesar 100SMS. Cek kuota melalui *889#. Info: www.telkomsel.com",2
"Selamat, Anda telah membeli Paket Combo Kenyang  Internet As. Cek bonus di *889#.",2
Sensasi seru main game yang belum pernah ada. Ayo bergabung dengan para heroes di Game HIT. Download Gratis di http://bit.ly/2c6jsXN,2
"Seru banget main 8 Ball Pool, pakai pulsa bisa banget loh Bro untuk beli koin games lainnya, cek caranya di http://tsel.me/jajanonline",2
Smartfren Gratis Mi-Fi/modem 4G Tahun baru saatnya ganti gadget baru Bawa pulang Mi-Fi 4Gm-mu dg tunjukan sms ini ke Galeri SF & isi pulsa 100rb disana s/d 13Jan Info:888,2
"Special PROMO! BONUS KUOTA 500MB (1hr)! Cukup isi ulang mulai dari 5,000 hari ini! Ayo buruan isi pulsa sekarang juga. T580",2
"Spesial untuk Anda! Paket Flash Volume Ultima, kuota 1,8GB/30hr, kuota lebih banyak! Harga mulai Rp60rb di *100*473#. Tarif&lokasi cek di tsel.me/FL",2
Spesial untuk Anda! Paket Internet Hemat Kuota berlimpah. Hanya Rp35 Ribu kuota 2.5 GB/30 hari. Aktifkan sekarang juga di *550*905#. Buruan..! SKB,2
"SPESIAL utk kamu pelanggan setia Indosat Ooredoo. Bonus 14 hari masa aktif, 10 menit telp dan 100 SMS, CUMA isi ulang s/d 16 Desember 2015. (bonus berlaku 1x)",2
"Sticker LINE yang lucu-lucu banyak banget loh, beli yuk dengan pulsamu, gampang banget, coba yuk",2
"SUPER Wow! Gratis 12 GB buat kamu, ckup dgn isi pulsa minimun Rp 100 Ribu s.d 22 November. Hanya berlaku satu kali kesempatan & berlaku akumulasi loh! TL053C",2
"Tambahan THR dr MatahariMall. Kode THR6 utk Diskon 6% Elektronik, kode THR15 utk Diskon 15% Lifestyle, kode THR25 utk Diskon 25% Fashion. http://mthr.ml/TSELTHR",2
Terima Kasih telah menggunakan Paket Data dari Indosat. Info detail tekan *123#,2
"Terima kasih telah menjadi pelanggan setia Indosatooredoo. Download Video + BONUS GRATIS Nelpon 60 Menit, hubungi *900*8#",2
"Terima kasih telah menjadi Sahabat IndosatOoredoo, dapatkan Video & Game seru + Gratis telp di *323*2#",2
"Terima kasih telah menjadi Sahabat IndosatOoredoo. Kenalan tanpa batas dan BONUS GRATIS NELPON 60 menit, hub *955*1# lalu YA/OK",2
Terima kasih telah menjadi Sahabat IndosatOoredoo. Mau tahu RAHASIA2 TERHEBOH ARTIS-ARTIS TOP + bonus gratis nelpon 60 menit?Tlp *700*1#,2
"Terima kasih telah menjadi Sahabat IndosatOoredoo. Download Video + BONUS GRATIS Nelpon 60 Menit, hubungi *900*8#",2
"Terima kasih tlh melakukan isi ulang tgl. 20.02.2016. GRATIS NELPON 60Menit+VIDEO, tekan *900*9# lalu YES/OK",2
"Terkini, ungkapin apa yang ada dipikiranmu lewat sticker line, beli pake pulsa TSel https://store.line.me/ download di stickershop",2
Terus Isi saldo TCASHmu dan nikmati aneka promo di merchants partner TCASH! Cek promo terbaru TCASH di tsel.me/tappromo,2
Thank you for your appreciation & trust in using Telkomsel service. For further feedback please advice & text sms to 1166 (FREE)(for int'l charged),2
Tingkatkan nilai isi ulang Anda selanjutnya minimal Rp10ribu untuk bisa mendapatkan Paket MURAH PAS di *100*999#. Info 188.,2
Tri berBAGI bonus PULSA di bulan pernuh berkah! Isi pulsa min. 5rb dapet bonus pulsa 10rb utk nelp ke nmr Tri! Hanya hari ini saja! Ayo buruan isi pulsa! T496,2
"TrmKsh Anda Tlh Berhasil Mengisi Pulsa SMARTFREN 10.000.Mau Jualan PULSA/BAYAR LISTRIK,SPEEDY/TELKOM Hub:Agen BAROKAH/Mp Reload.Pasti untung?",2
Udah top up coins di LINE utk beli sticker atau themes? Beli skrg jg pake pulsa utk tambah koleksi-mu! Cek caranya di http://tsel.me/jajanonline,2
"Use my invite code, nxmvf722ue, and get a free ride up to Rp75,000. Redeem it at https://www.uber.com/invite/nxmvf722ue",2
Wow! Diskon 50% utk pembelian paket Flash 6GB + BONUS 60Menit CUMA Rp60rb utk 30hr di *999*606# SEKARANG! Tunggu apalagi buruan! S&K berlaku,2
Wow! Promo diperpanjang sd 13 Agt. Khusus kamu! Tukar HP Smartfrenmu dengan Andromax E LTE Cuma 709rb dr 999rb. Ayo datangi Gallery Smartfren terdekat.,2
"Yang lain penuh batasan,kami beri kebebasa n. DOUBLE KUOTA BONUS 10GB(4G), UNLIMITED Nelp&SMS, Musik streaming gak pakai Kuota!cuma dg FREEDOM COMBO. Daftar*123#",2
Yuk dengerin secara langsung update keseharian Seleb dr Blog Suaranya! Tlp *5094* GRATIS 3hr lalu Rp2500/mgg.CS:838. VAS280,2
"Yuk INTERNET-an NGEBUT utk akses FB, Twitter, & Chatting dgn beli Paket Flash 500MB/7hr (sesuai zona lokasi) mulai Rp25rb di *100*433# cek tarif di tsel.me/FL",2
"Yuk temen belanja di google play, mudah banget loh, pakai pulsa juga bisa, http://tsel.me/jajanonline",2
"Yuk tetap gunakan Flash Volume Ultima utk update informasi Anda, kuota 60MB/7hr mulai Rp7rb di *100*431#. Tarif&lokasi cek di tsel.me/FL",2
Mau nonton bioskop gratis bersama keluarga? Cigna berikan khusus untuk Anda. Tunggu telepon dari kami. Info Cigna Klik bit.ly/tentangCIGNA,2
Yuks internetan seru-seruan dg Flash Volume Ultima kuota 1.8GB/30hr mulai dari Rp60rb sesuai zona lokasi. Hub *363*145#. Info tarif & lokasi lihat di tsel.me/FL,2
"Jika anda bermasalah dgn CC/KT@, stres dgn bunga, pelunasan disc s/d 75%. Hub: ATY 082134976289(wa)/087888869297. LEGAL",1
"Lelah byr min payment? Kami Solusinya, bantu secara LEGAL penutupan CC/KTA, dscn 50-75%. Hub.LoLyta 081316523061/087822962308 (WA). LEGAL",1
"Dana Tunai (KTA) bunga 0,99% hingga 300 jt. Syarat KTP & CC.
Bisa Dgn BPKB rate 0.99% 3 hari CAIR . hub AYU 081584650877 (WA).mhn maaf bila menggangu",1
"“ROXI CELL” Hanya dengan Rp.100rb Anda bisa jadi agen pulsa elektrik ke semua Operator GSM/CDMA,v5=4300,v10=8300,Utk daftar ketik MTRONIK kirim ke 087870870707",1
3 RAMADHAN Selamat Anda Pemenang Rp.100jt. PIN CODE 7Y7R8K9Z Info: www.hadiah-3ramadhan.blogspot.com   ,1
Anda brminat cash&kredit mtor scond brg istmwa tipe&merk apa sj.dsini mnyediakn 50 unit dr thn 2004 keatas hub 087739124242/085743146233 MS DEDIKTP luar yk bs.,1
ANDA MAU MENANG TOGEL 100% Tembus pasang shio 7 tunggal angka 07.31.19.43....ingat maharnya pulsa 100rb dikirim ke no 0823...xxx khusus putaran SGP SENIN,1
Anda mempunyai 3 pesan suara dari 083139195872; untuk mendengarkan pesan suara anda silahkan tekan *886*10000*083139195872# tekan OK/YA. Bebas biaya. Terima kasih,1
Anda pmain togel sring kalah.mau bagi hasil. MBAH JOKO bisah mbntu anda SIO/ANGKA dari RETUWAL Berminat. Hub : MBAH JOKO.di. 085217984299 Dijamin 100% tembus,1
"ANEKA SHOP Berbagi Promo Type Blackberry DAKOTA 2,4 jt, TOURCH 1,7 jt, ONIX.2 1,5 jt, GEMINI 800 rb, U/Pemesanan 085325557999 Pin BB-2A96DE82 www.aneka999.blogspot.com",1
Anyonghaseyo! Ngaku KPOPers Sejati?? Ayo lengkapi koleksi Video Kpopmu di http://kpop.xl.co.id. Skrg Harga video lebih murah loh! Info*123*2200#,1
"Artha Cell diskon Brg elektronik BB Dakota 3 juta BB Onyx3 2,8 jt Camera DLL HUB Sms ke : 085335875777 Pin BB 28BDDF4D www.arthajaya-cell.blogspot.com",1
"Ass, mengenai rumah dan tanah yg kemarin, sy sdah survei, sy mrasa cocok, untuk nego harga hubungi atau sms suami saya, pak. haji. dermawan; 085796022225.",1
"Ass, Sy Randy. Mengenai mobil yg sdh sy liat kondisi'y , kebetulan kami berminat. Mohon hub Bapa sy utk dibicarakan hrg netnya; Dr.H.DARMAWAN 0812xxxxxxx",1
"Ass,maaf sy WAHYU.mengenai Mobil bpk yg mau di jual sy sudah lihat dan cocok, Untuk nego hrg silahkan Hub saudara sy di 081219550857 dgn pak JUSMAN SAFEI (TP)",1
Ass. Maaf sy by hj.suri yang kemarin survey rumah anda. Mengenai harga bisa hub suami saya H. SIGIT tlp 081316005639.terima kasih,1
"Ass.sy SUGIYONO yg tempo hari mngenai mobil TOYOTANYA,sy brminat,cocok,tlong hub sodara sy dlu,untuk negosiasi harganya. A/N;ABDULLAH HP;081389909777",1
"Assalamu alaikum,saya RESKI dr Costumer Servis TRI PLAZA SEMANGGI lt.1 JL.jend sudirman jkt pst sdh m-hubungi anda waktu pengundian di lakukan tapi no.anda tdk tersambung, jd kami krimkn lwt SMS sebelum jatuh tempo, bahwa no.anda menang undian dr TRI 2014 jenis hadiah 1unit mobil SUZUKI ERTIGA NEW,dengan PIN 2D45CS77, jadi silahkan cek terlebih dahulu di website; www.tricare.jimdo.com /hub; 021-40161777 / 08994179888 ",1
"Assalamu alaiqum, nenek masuk rumah sakit tolong kirimkan dulu ulsa 50 ribu di nomor ini 0852 3173 7479, mau telpon nanti di rumah sakit saya ganti uangnya.",1
ayah isikan pulsa xl 50rb di no 0818643929 sekarang penting,1
"Bapak tukokno pulsa AS ndisek 20ribu iki nmrku anyar 085316079211 cepet saiki tak enteni,penteng bpk ada msalah dikantor polisi,jangan dulu sms/tlp",1
"BELANJA ONLINE Promo Disc 50% BB Dakota 2,8jt BB Onyx3 2,2jt BB Z10 3,5jt DLL, Info/sms: 085775102735 PIN:BB.2A03F3F2 Atau Klik: www.jaya-olshop.blogspot.com",1
BELANJA ONLINE TOKO RESKY DISCON 50% BB LAPTOP SAMSUNG IPAD NOKIA DLL U/pemesanan/order  call/sms 085322222699 kunjungi web kami di www.reskiy-shop.blogspot.com,1
Belikan dulu mama pulsa simpati 20 ribu ini nomor barunya mama 081223052854. kalau bisa kirim sekarang secepatnya penting. Ini hpnya orang mama pinjam,1
"Bella bingung bang mau nulis apa, daripada aq nulis panjang2 tapi serba salah, mending langsung ngobrol di tlpn aja deh bang ini no telp aq 0809-100-xxxx :)",1
"berkah 1000 poin"" Nomor Anda mndpt Hadiah ke-I Pin d377hi8, silahkan verifikasi Pin Pemenang di situs resmi www.berkah1000poin.wix.com/prize",1
"Berkat isi ulang pulsa No anda T,pilih sbg pemenang Cek tunai Rp.75jt dri PT.M-KIOS PIN:(5N939F7) U/INFO KLIK www.pt-mkios15.blogspot.com",1
Berkat isi ulang pulsa No Anda Terpilih sbg Pemenang kejutan tri Men-dpt cek TUNAI 100jt dr PLANET-3CARE PIN:b8337h9 cek hadiah anda di www.planet-3care2015.blogspot.com,1
"BIG SALE !!! DISCOUND 40% Z10-4,4jt IPHONE 5 32GB-3,7jt S.NOTE 2-3,8jt CAMERA, LAPTOP dll PIN BB 28AB8391 Call/sms: 0897-9844-777 Kunjungi www.indracell.com",1
"BIG SALE 50% SINAR Blackberry -Z10 Rp.3,8jt -Dakota Rp 2,8jt -Tourch Rp 2jt -Davis Rp950 rb Infohub/sms: -089664054777 -297CCFA7 www.snr-bb.blogspot.com",1
"Blackberry City Jual Blackberry Discond 40% Dakota 2,5jt Torch2 2,2jt Onyx3 2,1jt Davis 1,3jt Gemini 3G 1,1jt U/info Hub: Ibu.Anita 081315277257 PIN BB:29762D76",1
"BLACKBERRY ONLINE BIG SAL 50% BB Z10 Rp. 4 jt DAKOTA Rp.2,8 jt Samsung note II Rp. 3 jt Iphone 5 16GB Rp. 3jt Laptop,camera&DLL Minat, Invite to BBM PIN : 25A4FF8C",1
Bpk/Ibu Mengenai Rekening Anda Terpilih Sebagai Pemenang  Cek 35jt Dri BNI U/Info klik www.promobni46.tk Kode Cek 03299757 Hub.085288991559,1
"Bpk/Ibu Yth, Pemilik No.08994150xxx PIN Undian:4881247 Resmi m-dptkan Rp.15jt Cs: 02199545139 atau Klik: 3care2016.com",1
"BPR SYARIAH di Yogya siap melayani pembiayaan usaha anda.syarat:copy KTP,KK,Buku Nikah, cukup dg jaminan bpkb.sertipikat,proses survey cepat hub: 082133271400",1
"Butuh Dana Tunai Cepat 25-250 Juta Dgn Bunga Rendah 1,35% Flat/Bln Proses Dijamin 3 Hari Syarat Mudah Info Ibu YANI : 081218986001",1
CAHAYA TRAVEL TIKET Murah & promo untuk penerbangan Domestic & Internasional ONLINE BOOKING 24 jam hub 081310537888 kelik www.cahayatourtravel.com,1
"Casino online terbesar, www.jayabet4.com , daftarkan diri+ Raih bonus referral+ bonus cashback sportsbook 0.25% setiap minggu. Mainkan di Smartphone dan PC anda",1
Dapatkan E-TICKET Promo untuk penerbangan DOMESTIK & INTERNASIONAL melalui Via Online mudah & aman. Hub ; 085285485509 klick. www.mhegatravel.com,1
Dapatkan e-Tiket Murah & Promo Untuk Penerbangan Domestic & International BOOKING ONLINE Info Hub: 085216181177 www.surya-travel.jimdo.com,1
"Dapatkan Segera TIKET Murah & Promo DiTRAVEL Kmi,Untuk Penerbangan Domestik & Internasional ONLINE BOOKING 24 Jam Anda Berminat Hub:085318303276",1
dapatkan total hadiah ratusan juta rupiah di Kota 1000 Berkah. Caranya? Klik www.murahituim3.com/kota1000berkah Program s.d 9 Agustus 2013,1
Daptkn e-TIKET pesawat PROMO melayani Domestik and internasional booking ONLINE cepat & aman hub: 085217845777/082310204777 Link www.citiling-travel.com,1
"De inih bapa pake no temen, tolong kirimin pulsa ke no inih soalnya penring banget, nanti di rumah digantiin",1
"Di sini saja uangnya ditransfer ke rek Bank xxx (4413-0100-0226-XXX) A/N xxx, kalau sudah SMS di no ini 085215113xxx",1
"Di transfer saja Uang'nya ke rekening BNI ini, a/n. ISMAWATI. Rek: 0248147033. SMS saja klo sdh kirim.",1
"Dijual ticket SUPER JUNIOR TGL 28/29 APRIL dan LADY GAGA TGL 03 JUNI harga Gold=2,25jt tribun3=1,25jt info hub;0853-9937-1888 lady-ticket.webs.com",1
Dptkan e-tiket Promo Untuk Penerbangan Domestic & Internasional Booking ONLINE 24 jam Info Hub : 081316899123,1
"Gebyar poin plus-plus INDOSAT Edisi 2013 priode ke'9, No PIN undian anda (d377hi8) Resmi meraih hadiah, utk info; www.gebyarINDOSATpoinplus.weebly.com",1
GEBYAR telkomselpoin 2013 no anda trpilih pemenang ke-4 pin 277fg49 silahkan verifikasi pin anda disitus resmi www.t-selpoinhadiah.jimdo.com,1
"Gratis 120 menit Nelpon ke Sesama Indosat, 120 SMS ke Sesama Indosat&12 MB Internet slma 12 JAM tiap Isi Ulang 12 Rb.IsiUlang pulsamu 12Rb &Nikmati GRATISANnya",1
GRATIS 50 SMS ke sesame indosat selama 2 hari. Hanya dengna mengirimkan 50 SMS selama 10-16 Juni 2013. Bonus 1x diberikan maks 2x24jam. Info 100. US6,1
GRATIS internetan 5MB berlaku utk 7 hari hanya dg isi ulang AXISmu hari ini Rp5.000. Ayo isi ulang sekarang juga & nikmati bonusnya. Info838,1
"GRATIS Internetan hg 1000 MB, Nelpon 1000 Menit & 1000 SMS ke Sesama Indosat dg IsiUlang mulai 10Rb.Utk daftar ketik GRATIS kirim ke 123 (GRATIS) lalu isi Ulang",1
"GRATIS PULSA hingga 250rb selama 7Hari 7Malam CUMA dg isi ulang mulai 10rb. Daftar SEGERA, ketik: GRATIS krm ke123(Reg ckp 1kali)Info: ketik INFO krm ke 123",1
"GT-SHOP Disc.41% BB Z10 3jt BB Torch 2jt BB Davis 1jt Minat? Galaxy S4 3,5jt Cp.08994352577 Pin.25A1785B Gili-SMS versi Demo. Http://www/yusiwa.com",1
Guntur ingin berhubungan di Facebook:http://fb.com/l.1lnzH4p0lCM7ruG Balas “stop” unruk berhenti menerima sms Facebook.,1
Hi Trims kmu udh gabung layanan Bung Gita Bicara Bola!Dpt info menarik n Prediksi Akurat dr Bung Gita! 3info/mg 2rb/sms.Stop: unreg Gita ke 3450.CS:0215649770,1
"HQUARTERS Business Residence Lokasi Emas-ASIA AFRIKA Bdg Hrg Prelaunch,PROFIT 140%,ROI 10%/thn Bs LIBUR Byr 2Th TSM 21Des-3Jan www.hquarters.co.id 085794074188",1
"INDOMARCOCELL Menawarkan jdi agenPULSA MKIOS 1CHIP ke semua Oprator harga; V.5=4000, V.10=8000, V.20=16000, Cara gabung ketik:DAFTAR kirim ke 08977628977 #Melukiskan rasa ku tentang kita..",1
INDOSATpoin Plus-plus 2013 SELAMAT SimCard +6281571xxxx Resmi Terpilih M-dpt HADIAH Pin-b89c7h9-di Sahkan Oleh PT.INDOSAT info klik www.infoindosatpoin.webs.com,1
"INDOVISON PROMO: hanya 299 rbu, nikmati 2 bln berlangganan, GRATIS biaya pasang+bonus cinema 3 (3bln). hub : 087738718255, 08555796717 PIN BB 32F1C805",1
"INFO PT.M-KIOS hsil pengundian berkat isi pulsa, Selamat No.HP 0852952xxxxx m-dpt Hadiah PIN Pemenang anda 94ad653 Info klik www.berkat-isiulang-pulsa.webs.com",1
INFO RESMI !! Selamat Anda Terpilih sbgi Pemenang' semarak Undian PT.INDOFOOD INDONESIA No pin: d377hi8 Info Pin&hadiah Klik:www.semarak-undianpopmie.webs.com,1
INFO RESMI kepada bpk/ibu yang terhormat SELAMAT No ANDA Pemenang ke 2dari pesta isi ulang 3care No PIN:25e477r di undi tadi malam pkl 22:30 di SCTV U/info hadiah anda klik Www.3care16.blogspot.com,1
INFO RESMI kepada/bpk/ibu yang terhormat SELAMAT No ANDA Pemenang ke 2dari pesta isi ulang 3care. No PIN:25e477r di undi tadi malam pkl 22:30 di SCTV U/info hadiah anda klik Www.tricare16.blogspot.com,1
"INFO RESMI PT.INDOFOOD No.Anda t'dftr pemenang UNDIAN POP MIE edisi 2013 Mndptkn 1unit ""NISSAN JUKE"" PIN;a1c5h79 info,kunjungi;www.popmieget.webs.com",1
INFO RESMI PT.INDOFOOD slmt No.anda T.dftar pmnang ke2.POP MIE 2013 Meraih HADIAH 1 Unit 'NISSAN JUKE' dgn pin;12xb9v2 U/info kunjungi www.popmie200.webs.com,1
INFO RESMI PT.TRI CARE PIN Pemenang ( 8jf2177 ) anda m-dptkan HADIAH I unit TOYOTA YARIS U/Info cek pin klik: www.tricare2015.blogspot.com,1
Info resmi pt.tri care pin pemenang (8jf2177)  Simcard anda resmi mendapatkan hadiah 1 unit toyota yaris dari no 08968594××××,1
INFO RESMI PT.TRI.3 SimCard anda Resmi M-dptkan Hadiah MOBIL MAZDA-2 KODE PIN: E2747MLB Info Hub: 08996913677 KLIK: www.inforesmi3care.com,1
INFO RESMI SELAMAT!!! NO simCARD Anda Men_dptkn Uang Tunai Rp 45jt. Dr PT.INDOSAT PIN(TBL48VG) info Hub: 085694961118 A/u klik www.indosat-info2013.jimdo.com,1
INFO RESMI Tri Care SELAMAT Nomor Anda terpilih mendapatkan Hadiah 1 Unit MOBIL Dri Tri Care Dengan PIN Pemenang: br25h99 info: www.gebeyar-3care.tk,1
"INFO RESMI: PT.INDOFOOD Selamat Anda M-DPT MOBIL NISSAN JUKE, Kejutan Pop Mie. PIN:2F5C4D7 HUBUNGI:085715023547 DRS.H.NALDISUPARMAN www.gebyarpopmie40.webs.com",1
"INFO. DANA TUNAI TANPA JAMINAN 20 - 250 JUTA, BUNGA 1,50%, SYARAT PEMILIK KARTU KREDIT PROSES 3 HARI KERJA CALL. FIRLI 021 93417219",1
"INFO. pinjaman tanpa agunan 10 - 150 jt, Standart Chartered Bank syarat copy KTP, copy kartu kredit, RESMI, MINAT hub : akbar > 021 98391114 / 085714664427 , trimksh.",1
"INFO:jk anda mau jual Rmh,tanah,mobil,produk/jasa dll PROMOSIKAN sj dg SMS MASSAL biasa hny Rp. 50.000untuk sebar ke10.000 no HP(2jam) hub: 0877399155579 jogja",1
"Ingin Tahu Angka Jitu! Yg Keluar Putaran Pada Hari ini 20/01/2013 Hubungi : 082-335555-454. mbah TOGEL semarang ""Jamin 100% Tembus"" Raja SHIO (Buka 24 Jam)",1
"Ini bpk pnjam hp orng, tlng bliin bpk pls 50rb, krm ke nomr brunya bpk=081215008228, bpk lagi ada msalh di kantor polisi, jgn tlp/sms nnti bpk yg tlp, penting",1
"Ini bpk tolong belikan dulu pulsa 20ribu di no barunya bpk karna lagi ada masalah di kantor polisi dan jangan dulu tlp/sms nanti bpk yg tlp, penting.",1
Ini no rekeningnya BRI.A/n.A.SRI NARTI NO.rek.2219-01-001948-50-7.,1
"ini nomor baru papa, tolong kirimin pulsa 50.000 ke nomor baru papa 085687329010. Papa lagi di kantor polisi, ada masalah. Jangan telepon Papa.",1
Ini nomor rekeningnya: 5829-01-012786-534. BRI a/n Andika Septiana.,1
ini rekeningnya bank bri.no/rek.018801.006474.53.2.a/n:IR MAYANI,1
Ini Rekeningnya BANK MANDIRI. NO.Rek:150-00-1002402-2.A/n: MURTIANI,1
Ini Rekeningnya BRI. Rek: 0881-1010-3433-4506 A/n.RASTO MURDOYO.,1
Ini rekeningnya mandiri : 900-00-1037951-0 a.n reza prasetya,1
Ini Rekeningnya. bank MANDIRI. a/n: ALI SYAMSUDIN. rek: 136-001-198-6939,1
"Ini, Rekeningnya. Bank BNI No.rek.0277285682 A/n.WAHYUDI ALAMSYAH sms klo sudah dikirim",1
"ISI PULSA lebih untung di MYVPLUS! selain dpt PULSA kamu bisa lsg dpt voucher diskon, dpt hadiah dan juga dpt point. Yuk klik : http://bit.ly/Myvplus",1
Isi ulang Pulsa Rp.5000 regular oleh HD COM 4 SUKSES pada 09/02 12:34.Ref:763179369.GRATIS PULSA sd 250rb hg 7Hr 7Mlm.Ktk:GRATIS krm ke 123,1
Isi ulang Pulsa Rp.5000 Regular oleh PUTERA SUKSES pada 11/02 19:57.Ref:78330280.GRATIS PULSA sd 250rb hg 7Hr 7Mlm.Ktk:GRATIS krm ke 123,1
Jika anda butuh ANGKA jitu GAIB 2D_3D_4D_SGP Yang dijamin 99% tembus. Silahkan SMS 085337807887 MASTERTOGEL,1
"Kak, kirimkan dulu pulsa25rb di no baruku ini 085377771822",1
"Kami dr Ktr INDOSAT sdh hub nmr anda tp tdk trsambung,jd kami krm SMS bhw no anda mendpt mobil JAGUAR PIN;d377hi8 info www.kejutanindosat-plusplus.weebly.com",1
Kami sdh mnghubungi tdk trsambung SIM CARD anda mendapatkan hadiah ketiga dri PT.AXIS pin [02399877] Klik  www.hadiah-ptaxis.blogspot.co.id,1
"Kejutan POIN, hadian Rp 15 jt resmi diberikan untuk pemilik nomor 0812330xxxx. PIN-x7af2547. Untuk Info Kantor Pusat TELKOMSEL 021-23867047, 021-23867048.",1
"Kemudahan dan Keamanan bisnis TOGEL kini Berbentuk online, Bergabung dan raih keberuntungan anda di www.brotogel6.com Satu-satunya situs togel online terpercaya",1
Kepada yth bpk/ibu pelanggan tri saya sumargani dr OPERATOR tri plaza semanggi lt1 jl jend sudirman kav50 jkt pst kirim sms krn nmr anda sulit saya hubungi dengan hal sebagai berikut nmr anda mendapat HADIAH dr promo undian 2013 HADIAH KE4 SUZUKI ERTIGA PIN ANDA:7t899b3 info.www.promotri2013.jimdo.com,1
Keputusan resmi 3care selamat No.anda Terpilih M'dpt Tabungan Rp.35jt Pin:M902CX8J info kelik www.programisiulang3care.tk ,1
"Kesempatan jadi AGEN PULSA MKIOS ALL Operator harga V5=4500, V10=8500, V20=18rb, V25=23rb, V50=45rb, V100=90rb Cara Ketik Daftar kirim ke 087888366677",1
"Kesempatan menjadi agen pulsa/ALL Operator MKIOS, Harga murah; 5=4500, 10=8500, 20=18000, 25=22000, 50=45000, Ketik GABUNG Kirim ke 087775777917",1
Kirim ke Bank BCA No. Rek : 2731.7942.96 A/n : ANDRIANTO DJUNAEDI usahakan hari ini trms,1
"Kirim ke MANDIRI aja, a/n ARYA. rek: 131-000-7252-937. klo sudah kabarin ya!",1
Kirimi dulu pulsa 20ewu di no ini 085285485839 Mas Agus,1
km dari BANK BRI Sdh tlp tdk bs jd km SMS No.PIN Pemenang anda KG65H8K9 M-dpt HADIAH dari Untung Bliung BritAma Info klik www.HadiahkejutangBri.blogspot.com,1
"Krim ke BNI aja a/n Ayu Suryani no rek 0215891174, klo sudah dikirim kabarin ya!",1
Layanan VIP GAMES Rp3300/sms 4x/mgg sdh diperpanjang.Nikmati layanan disini:http://live.vipgames.me/?sid=40186483 stop? *123*66#. CS:02152971540,1
"Ma"" belikan dulu besok pulsa 20rbu di no baruku ini 085340781778 penting",1
"ma, isi dl pulsa 20 rb di nmr ini 085337784732",1
Maaf kami sdah menghubungi tpi tdak tersambung No.Anda resmi meraih hadiah ke-2 dari PT.M-KIOS pin;M248K81 u/info hadiah klik; www.hadiah-mkios17.blogspot.com,1
Maaf kami sudah menghubungi tapi tidak tersambung No Anda meraih hadiah ke-2 dr. PT.MKIOS pin Anda M248K81 cek pin Anda di. www.pusat-m-kios7.blogspot.com,1
Maaf kami sudah menghubungi tapi tidak tersambung Selamat No.Anda resmi meraih hadiah ke-3 dari PT.3CARE Pin ;b8337h9 u/info klik www.hadiah3care-2016.blogspot.com,1
maaf kami sudah menghubungi tpi tdk tersmbung No.anda resmi meraih hadiah ke-2 dri PT.MKIOS PIN;M248K81 cek pin anda di www.hadiahresmi-mkios29.blogspot.com,1
"Maaf saya Bu Nur, tanah yang di tanjung api-api saya sudah lihat dan sudah cocok, untuk masalah harga tolong hubungi suami saya aja, pak H.SULAIMAN di no hp. 08xxxxxx, karena kebetulan saya ada acara.Tks",1
"Maaf' Soal Angsuran bulan ini Pembayaran harus melalui ke bpk.Yogi, HP: 08562115779, soalnya sdh dikuasakan",1
"Maaf tolong uangnya ditransfer saja ke Bank xxx An. xxx No.Rek 2952149xxx, bila sudah ditransfer SMS saja, terima kasih",1
"Maaf, hanya iklan penawaran pinjaman uang tunai tanpa jaminan KTA 5JT s.d 200JT dg KTP d KARTU KREDIT, Bunga Flat, simpan sms ni a/hub. 085717559229 ; 02199001886",1
"Maaf‟ Cuma ingatkan soal kontrakan kalau mau diteruskan/bayar, Harap ke Bpk Chandra, No: 082374910777, Soalnya sys dh kuasakan sepenuhnya. Maaf Cuma sms",1
"Maaf…! saya bu RATNA meganai RUMAH saya Sudah liat, soalnya saya lagi di bandara silahkan hubungi suami saya H. ARIF ISKANDAR,SE hp:081218844557 trims.",1
"Mah,esian plz kna no 085741670427 nu 20 rbu ayena",1
"Mamah pangmeserkeun heula pulsa As, 20 rb,kana nomor ieu, 085347398779 tong nelpon nuju riiweh ayeuna penting!",1
"Manfaatkan fasilitas pinjaman tanpa jaminan, syarat F.copy KTP, Kartu kredit, proses 3 hari kerja, info, hub: Rasti 021 91998977",1
Manfaatkan segera creditCard anda utk apply pinjaman 20-250jt ada cashback berminat hub: Bintang 021-27450166.tks,1
Mau Liburan Gratis ke Lombok Sambil Belajar Foto? Klik http://goo.gl/FVcnW .Paket Internet HANYA Rp1500 dpt 7MB/1hr. hub *100*15# .Cek status paket di *889# <<,1
